,benchmark,cpu_lim,mem_lim,data_size,exec_time,mem_usage,mem_util
0,matmult,48,2048,4000,0.3549320697784424,411.421875,20.088958740234375
1,matmult,48,2048,4000,0.46597838401794434,411.90234375,20.11241912841797
2,matmult,48,2048,4000,0.40709877014160156,412.09765625,20.12195587158203
3,matmult,48,2048,4000,0.34650349617004395,412.09765625,20.12195587158203
4,matmult,48,2048,4000,0.3610224723815918,412.09765625,20.12195587158203
5,matmult,48,2048,4000,0.43665289878845215,412.66015625,20.14942169189453
6,matmult,48,2048,4000,0.4253058433532715,412.66015625,20.14942169189453
7,matmult,48,2048,4000,0.4476950168609619,412.66015625,20.14942169189453
8,matmult,48,2048,4000,0.6258594989776611,412.66015625,20.14942169189453
9,matmult,48,2048,4000,0.8196146488189697,412.66015625,20.14942169189453
10,matmult,64,2048,8000,1.5370769500732422,1524.25390625,74.42646026611328
11,matmult,64,2048,8000,1.753981351852417,1525.84765625,74.50428009033203
12,matmult,64,2048,8000,1.778364896774292,1525.84765625,74.50428009033203
13,matmult,64,2048,8000,1.8768384456634521,1526.484375,74.53536987304688
14,matmult,64,2048,8000,2.3699750900268555,1526.484375,74.53536987304688
15,matmult,64,2048,8000,3.015497922897339,1526.484375,74.53536987304688
16,matmult,64,2048,8000,2.9464640617370605,1526.484375,74.53536987304688
17,matmult,64,2048,8000,4.4342122077941895,1526.484375,74.53536987304688
18,matmult,64,2048,8000,2.91743803024292,1526.484375,74.53536987304688
19,matmult,64,2048,8000,2.643571138381958,1527.00390625,74.56073760986328
20,matmult,48,2048,1000,0.05082821846008301,57.1640625,2.7912139892578125
21,matmult,48,2048,1000,0.027190685272216797,57.1640625,2.7912139892578125
22,matmult,48,2048,1000,0.014628171920776367,57.1640625,2.7912139892578125
23,matmult,48,2048,1000,0.024121999740600586,57.1640625,2.7912139892578125
24,matmult,48,2048,1000,0.015164852142333984,57.1640625,2.7912139892578125
25,matmult,48,2048,1000,0.011933326721191406,57.1640625,2.7912139892578125
26,matmult,48,2048,1000,0.013181447982788086,57.1640625,2.7912139892578125
27,matmult,48,2048,1000,0.0302579402923584,57.1640625,2.7912139892578125
28,matmult,48,2048,1000,0.01407766342163086,57.1640625,2.7912139892578125
29,matmult,48,2048,1000,0.02338886260986328,57.1640625,2.7912139892578125
30,matmult,32,2048,6000,1.257918119430542,876.06640625,42.77667999267578
31,matmult,32,2048,6000,1.1438446044921875,877.03515625,42.82398223876953
32,matmult,32,2048,6000,1.4173579216003418,877.03515625,42.82398223876953
33,matmult,32,2048,6000,1.899306297302246,877.37109375,42.84038543701172
34,matmult,32,2048,6000,2.2423295974731445,877.37109375,42.84038543701172
35,matmult,32,2048,6000,2.3589117527008057,878.08984375,42.87548065185547
36,matmult,32,2048,6000,1.6530282497406006,878.08984375,42.87548065185547
37,matmult,32,2048,6000,1.3886466026306152,878.08984375,42.87548065185547
38,matmult,32,2048,6000,1.2430367469787598,878.74609375,42.90752410888672
39,matmult,32,2048,6000,1.4447524547576904,878.74609375,42.90752410888672
40,matmult,64,2048,7000,1.3054423332214355,1177.53125,57.49664306640625
41,matmult,64,2048,7000,1.2641711235046387,1177.53125,57.49664306640625
42,matmult,64,2048,7000,1.567927360534668,1177.53125,57.49664306640625
43,matmult,64,2048,7000,1.5816736221313477,1178.4375,57.5408935546875
44,matmult,64,2048,7000,1.6526670455932617,1178.4375,57.5408935546875
45,matmult,64,2048,7000,1.7339179515838623,1178.671875,57.552337646484375
46,matmult,64,2048,7000,1.4832568168640137,1178.671875,57.552337646484375
47,matmult,64,2048,7000,1.5699384212493896,1179.0234375,57.56950378417969
48,matmult,64,2048,7000,2.0455994606018066,1179.03515625,57.57007598876953
49,matmult,64,2048,7000,3.094409704208374,1179.03515625,57.57007598876953
50,matmult,32,2048,3000,0.19974946975708008,246.80078125,12.050819396972656
51,matmult,32,2048,3000,0.25105881690979004,247.2265625,12.071609497070312
52,matmult,32,2048,3000,0.34111666679382324,247.2265625,12.071609497070312
53,matmult,32,2048,3000,0.2245194911956787,247.53125,12.08648681640625
54,matmult,32,2048,3000,0.21450543403625488,247.53125,12.08648681640625
55,matmult,32,2048,3000,0.26833462715148926,248.09765625,12.114143371582031
56,matmult,32,2048,3000,0.261610746383667,248.1015625,12.114334106445312
57,matmult,32,2048,3000,0.20777177810668945,248.1015625,12.114334106445312
58,matmult,32,2048,3000,0.20701313018798828,248.1015625,12.114334106445312
59,matmult,32,2048,3000,0.22022128105163574,248.1015625,12.114334106445312
60,matmult,16,2048,5000,1.935786485671997,620.64453125,30.304908752441406
61,matmult,16,2048,5000,2.0159287452697754,621.01953125,30.323219299316406
62,matmult,16,2048,5000,1.7003107070922852,621.01953125,30.323219299316406
63,matmult,16,2048,5000,1.8046770095825195,621.01953125,30.323219299316406
64,matmult,16,2048,5000,1.678419828414917,621.01953125,30.323219299316406
65,matmult,16,2048,5000,1.8328611850738525,621.01953125,30.323219299316406
66,matmult,16,2048,5000,1.8943421840667725,621.01953125,30.323219299316406
67,matmult,16,2048,5000,1.7018651962280273,621.01953125,30.323219299316406
68,matmult,16,2048,5000,1.6771039962768555,621.1875,30.3314208984375
69,matmult,16,2048,5000,1.7737255096435547,621.1875,30.3314208984375
70,matmult,48,2048,8000,1.7742443084716797,1526.44921875,74.53365325927734
71,matmult,48,2048,8000,1.776118278503418,1526.7734375,74.54948425292969
72,matmult,48,2048,8000,2.227459192276001,1526.7734375,74.54948425292969
73,matmult,48,2048,8000,2.6072287559509277,1526.7734375,74.54948425292969
74,matmult,48,2048,8000,2.9617340564727783,1526.7734375,74.54948425292969
75,matmult,48,2048,8000,3.1418416500091553,1526.7734375,74.54948425292969
76,matmult,48,2048,8000,3.2989649772644043,1526.7734375,74.54948425292969
77,matmult,48,2048,8000,3.502045154571533,1526.7734375,74.54948425292969
78,matmult,48,2048,8000,2.9221420288085938,1526.7734375,74.54948425292969
79,matmult,48,2048,8000,2.356715679168701,1526.7734375,74.54948425292969
80,matmult,80,2048,6000,0.9510366916656494,875.72265625,42.75989532470703
81,matmult,80,2048,6000,0.9985494613647461,876.5390625,42.79975891113281
82,matmult,80,2048,6000,1.342038869857788,877.03515625,42.82398223876953
83,matmult,80,2048,6000,1.3010308742523193,877.46484375,42.84496307373047
84,matmult,80,2048,6000,1.2720916271209717,877.46484375,42.84496307373047
85,matmult,80,2048,6000,1.4482669830322266,877.46484375,42.84496307373047
86,matmult,80,2048,6000,1.5558736324310303,877.46484375,42.84496307373047
87,matmult,80,2048,6000,1.1749017238616943,877.46484375,42.84496307373047
88,matmult,80,2048,6000,1.2071342468261719,877.46484375,42.84496307373047
89,matmult,80,2048,6000,1.124387264251709,877.46484375,42.84496307373047
90,matmult,16,2048,4000,1.069941759109497,410.6796875,20.052719116210938
91,matmult,16,2048,4000,1.0937559604644775,411.078125,20.072174072265625
92,matmult,16,2048,4000,1.1929476261138916,412.015625,20.117950439453125
93,matmult,16,2048,4000,1.0576040744781494,412.015625,20.117950439453125
94,matmult,16,2048,4000,1.1228182315826416,412.015625,20.117950439453125
95,matmult,16,2048,4000,1.1387159824371338,412.015625,20.117950439453125
96,matmult,16,2048,4000,1.2020783424377441,412.015625,20.117950439453125
97,matmult,16,2048,4000,1.1364285945892334,412.015625,20.117950439453125
98,matmult,16,2048,4000,1.1672546863555908,412.015625,20.117950439453125
99,matmult,16,2048,4000,1.2621121406555176,412.015625,20.117950439453125
100,matmult,16,2048,6000,3.0645625591278076,873.39453125,42.646217346191406
101,matmult,16,2048,6000,2.730684995651245,877.2265625,42.83332824707031
102,matmult,16,2048,6000,2.963197946548462,877.2265625,42.83332824707031
103,matmult,16,2048,6000,2.7727673053741455,877.2265625,42.83332824707031
104,matmult,16,2048,6000,2.8151633739471436,877.2265625,42.83332824707031
105,matmult,16,2048,6000,2.838780403137207,877.5234375,42.84782409667969
106,matmult,16,2048,6000,3.064296245574951,877.5234375,42.84782409667969
107,matmult,16,2048,6000,2.8993091583251953,877.5234375,42.84782409667969
108,matmult,16,2048,6000,2.940744400024414,877.5234375,42.84782409667969
109,matmult,16,2048,6000,2.8349571228027344,877.5234375,42.84782409667969
110,matmult,32,2048,1000,0.04966545104980469,56.0234375,2.7355194091796875
111,matmult,32,2048,1000,0.012771368026733398,56.0234375,2.7355194091796875
112,matmult,32,2048,1000,0.012174844741821289,56.0234375,2.7355194091796875
113,matmult,32,2048,1000,0.013147354125976562,56.3125,2.7496337890625
114,matmult,32,2048,1000,0.012363433837890625,56.3125,2.7496337890625
115,matmult,32,2048,1000,0.017726898193359375,56.3125,2.7496337890625
116,matmult,32,2048,1000,0.017122268676757812,56.3125,2.7496337890625
117,matmult,32,2048,1000,0.02263164520263672,56.3125,2.7496337890625
118,matmult,32,2048,1000,0.013027667999267578,56.3125,2.7496337890625
119,matmult,32,2048,1000,0.013465404510498047,56.3125,2.7496337890625
120,matmult,32,2048,500,0.005510091781616211,37.0859375,1.8108367919921875
121,matmult,32,2048,500,0.004528999328613281,37.0859375,1.8108367919921875
122,matmult,32,2048,500,0.00542902946472168,37.0859375,1.8108367919921875
123,matmult,32,2048,500,0.005717754364013672,37.0859375,1.8108367919921875
124,matmult,32,2048,500,0.004479646682739258,37.0859375,1.8108367919921875
125,matmult,32,2048,500,0.003551006317138672,37.0859375,1.8108367919921875
126,matmult,32,2048,500,0.0035829544067382812,37.0859375,1.8108367919921875
127,matmult,32,2048,500,0.0042040348052978516,37.0859375,1.8108367919921875
128,matmult,32,2048,500,0.004083871841430664,37.0859375,1.8108367919921875
129,matmult,32,2048,500,0.003789663314819336,37.0859375,1.8108367919921875
130,matmult,96,2048,5000,0.7194900512695312,621.1640625,30.330276489257812
131,matmult,96,2048,5000,0.6967098712921143,621.1640625,30.330276489257812
132,matmult,96,2048,5000,0.8299670219421387,621.1640625,30.330276489257812
133,matmult,96,2048,5000,0.8786091804504395,621.1640625,30.330276489257812
134,matmult,96,2048,5000,0.8811070919036865,621.1640625,30.330276489257812
135,matmult,96,2048,5000,1.0638763904571533,621.1640625,30.330276489257812
136,matmult,96,2048,5000,1.2614192962646484,621.5625,30.3497314453125
137,matmult,96,2048,5000,1.303229570388794,621.5625,30.3497314453125
138,matmult,96,2048,5000,1.409400463104248,621.5625,30.3497314453125
139,matmult,96,2048,5000,1.7044157981872559,621.5625,30.3497314453125
140,matmult,48,2048,3000,0.44313645362854004,245.4609375,11.985397338867188
141,matmult,48,2048,3000,0.38315248489379883,246.58203125,12.040138244628906
142,matmult,48,2048,3000,0.2668168544769287,246.609375,12.041473388671875
143,matmult,48,2048,3000,0.2880859375,246.81640625,12.051582336425781
144,matmult,48,2048,3000,0.34509849548339844,249.3671875,12.176132202148438
145,matmult,48,2048,3000,0.27069735527038574,249.3671875,12.176132202148438
146,matmult,48,2048,3000,0.27068614959716797,250.20703125,12.217140197753906
147,matmult,48,2048,3000,0.26328182220458984,250.20703125,12.217140197753906
148,matmult,48,2048,3000,0.293182373046875,250.20703125,12.217140197753906
149,matmult,48,2048,3000,0.26920580863952637,250.20703125,12.217140197753906
150,matmult,64,2048,6000,0.8411056995391846,876.8515625,42.81501770019531
151,matmult,64,2048,6000,0.8925182819366455,876.8515625,42.81501770019531
152,matmult,64,2048,6000,1.081430196762085,878.7109375,42.90580749511719
153,matmult,64,2048,6000,1.147104024887085,878.7109375,42.90580749511719
154,matmult,64,2048,6000,1.0846567153930664,878.7109375,42.90580749511719
155,matmult,64,2048,6000,1.0848755836486816,878.7109375,42.90580749511719
156,matmult,64,2048,6000,1.0746262073516846,878.7109375,42.90580749511719
157,matmult,64,2048,6000,1.2857840061187744,878.7109375,42.90580749511719
158,matmult,64,2048,6000,1.2724685668945312,878.7109375,42.90580749511719
159,matmult,64,2048,6000,1.337585210800171,878.7109375,42.90580749511719
160,matmult,64,2048,500,0.00380706787109375,38.6015625,1.8848419189453125
161,matmult,64,2048,500,0.0032227039337158203,38.6015625,1.8848419189453125
162,matmult,64,2048,500,0.003859281539916992,38.6015625,1.8848419189453125
163,matmult,64,2048,500,0.003832101821899414,38.6015625,1.8848419189453125
164,matmult,64,2048,500,0.004724740982055664,38.6015625,1.8848419189453125
165,matmult,64,2048,500,0.00424957275390625,38.6015625,1.8848419189453125
166,matmult,64,2048,500,0.003826141357421875,38.6015625,1.8848419189453125
167,matmult,64,2048,500,0.008455991744995117,38.6015625,1.8848419189453125
168,matmult,64,2048,500,0.004037618637084961,38.6015625,1.8848419189453125
169,matmult,64,2048,500,0.005049943923950195,38.6015625,1.8848419189453125
170,matmult,80,2048,4000,0.4554715156555176,410.921875,20.064544677734375
171,matmult,80,2048,4000,0.5397539138793945,412.6015625,20.146560668945312
172,matmult,80,2048,4000,0.48328089714050293,412.6015625,20.146560668945312
173,matmult,80,2048,4000,0.4278075695037842,412.6015625,20.146560668945312
174,matmult,80,2048,4000,0.6434094905853271,412.6015625,20.146560668945312
175,matmult,80,2048,4000,1.0241804122924805,412.6015625,20.146560668945312
176,matmult,80,2048,4000,0.552534818649292,412.6015625,20.146560668945312
177,matmult,80,2048,4000,0.6264140605926514,412.6015625,20.146560668945312
178,matmult,80,2048,4000,0.726149320602417,412.6015625,20.146560668945312
179,matmult,80,2048,4000,0.7591195106506348,412.6015625,20.146560668945312
180,matmult,80,2048,500,0.0025649070739746094,35.1796875,1.7177581787109375
181,matmult,80,2048,500,0.0033500194549560547,35.1796875,1.7177581787109375
182,matmult,80,2048,500,0.004238128662109375,35.1796875,1.7177581787109375
183,matmult,80,2048,500,0.003258943557739258,35.1796875,1.7177581787109375
184,matmult,80,2048,500,0.0039081573486328125,35.1796875,1.7177581787109375
185,matmult,80,2048,500,0.004177570343017578,35.1796875,1.7177581787109375
186,matmult,80,2048,500,0.00395965576171875,35.1796875,1.7177581787109375
187,matmult,80,2048,500,0.0041961669921875,35.1796875,1.7177581787109375
188,matmult,80,2048,500,0.0047779083251953125,35.1796875,1.7177581787109375
189,matmult,80,2048,500,0.003556966781616211,35.1796875,1.7177581787109375
190,matmult,32,2048,4000,0.5313525199890137,408.95703125,19.968605041503906
191,matmult,32,2048,4000,0.6286699771881104,410.765625,20.056915283203125
192,matmult,32,2048,4000,0.5427179336547852,411.98828125,20.116615295410156
193,matmult,32,2048,4000,0.5009682178497314,411.98828125,20.116615295410156
194,matmult,32,2048,4000,0.47941088676452637,411.98828125,20.116615295410156
195,matmult,32,2048,4000,0.47882747650146484,411.98828125,20.116615295410156
196,matmult,32,2048,4000,0.5193712711334229,411.98828125,20.116615295410156
197,matmult,32,2048,4000,0.6149442195892334,411.98828125,20.116615295410156
198,matmult,32,2048,4000,0.4741947650909424,411.98828125,20.116615295410156
199,matmult,32,2048,4000,0.5923624038696289,411.98828125,20.116615295410156
200,matmult,80,2048,7000,1.1719489097595215,1177.6953125,57.50465393066406
201,matmult,80,2048,7000,1.2482120990753174,1177.9921875,57.51914978027344
202,matmult,80,2048,7000,1.527414321899414,1178.8203125,57.55958557128906
203,matmult,80,2048,7000,1.7546534538269043,1178.8203125,57.55958557128906
204,matmult,80,2048,7000,1.7543292045593262,1179.16796875,57.576560974121094
205,matmult,80,2048,7000,1.8097989559173584,1179.16796875,57.576560974121094
206,matmult,80,2048,7000,1.9030439853668213,1179.16796875,57.576560974121094
207,matmult,80,2048,7000,1.5751745700836182,1179.16796875,57.576560974121094
208,matmult,80,2048,7000,1.960392713546753,1179.27734375,57.58190155029297
209,matmult,80,2048,7000,2.9146504402160645,1179.27734375,57.58190155029297
210,matmult,80,2048,2000,0.0788717269897461,130.4921875,6.3716888427734375
211,matmult,80,2048,2000,0.05507254600524902,131.4765625,6.4197540283203125
212,matmult,80,2048,2000,0.08916807174682617,132.234375,6.456756591796875
213,matmult,80,2048,2000,0.17504262924194336,132.234375,6.456756591796875
214,matmult,80,2048,2000,0.15469026565551758,132.234375,6.456756591796875
215,matmult,80,2048,2000,0.21380066871643066,132.29296875,6.459617614746094
216,matmult,80,2048,2000,0.4216635227203369,133.171875,6.502532958984375
217,matmult,80,2048,2000,0.22185492515563965,133.171875,6.502532958984375
218,matmult,80,2048,2000,0.1485917568206787,133.171875,6.502532958984375
219,matmult,80,2048,2000,0.27942442893981934,133.171875,6.502532958984375
220,matmult,96,2048,3000,0.4306502342224121,246.07421875,12.015342712402344
221,matmult,96,2048,3000,0.2735481262207031,248.36328125,12.127113342285156
222,matmult,96,2048,3000,0.5453178882598877,248.36328125,12.127113342285156
223,matmult,96,2048,3000,0.5395145416259766,248.36328125,12.127113342285156
224,matmult,96,2048,3000,0.5285701751708984,248.40625,12.12921142578125
225,matmult,96,2048,3000,0.5510995388031006,248.40625,12.12921142578125
226,matmult,96,2048,3000,0.43471622467041016,248.40625,12.12921142578125
227,matmult,96,2048,3000,0.34840869903564453,248.40625,12.12921142578125
228,matmult,96,2048,3000,0.35857200622558594,248.90234375,12.153434753417969
229,matmult,96,2048,3000,0.3564794063568115,248.90234375,12.153434753417969
230,matmult,32,2048,5000,0.7744929790496826,620.9375,30.3192138671875
231,matmult,32,2048,5000,0.6878383159637451,620.9375,30.3192138671875
232,matmult,32,2048,5000,0.8080112934112549,621.140625,30.329132080078125
233,matmult,32,2048,5000,0.7135334014892578,621.140625,30.329132080078125
234,matmult,32,2048,5000,0.7401938438415527,621.3984375,30.341720581054688
235,matmult,32,2048,5000,0.7324070930480957,621.3984375,30.341720581054688
236,matmult,32,2048,5000,0.7825675010681152,621.3984375,30.341720581054688
237,matmult,32,2048,5000,0.800224781036377,621.3984375,30.341720581054688
238,matmult,32,2048,5000,0.8473050594329834,622.50390625,30.39569854736328
239,matmult,32,2048,5000,0.8846175670623779,622.50390625,30.39569854736328
240,matmult,16,2048,8000,6.258015394210815,1526.17578125,74.52030181884766
241,matmult,16,2048,8000,5.817980766296387,1526.17578125,74.52030181884766
242,matmult,16,2048,8000,6.052709341049194,1526.17578125,74.52030181884766
243,matmult,16,2048,8000,6.276040077209473,1526.17578125,74.52030181884766
244,matmult,16,2048,8000,6.60175895690918,1526.17578125,74.52030181884766
245,matmult,16,2048,8000,6.1800830364227295,1526.17578125,74.52030181884766
246,matmult,16,2048,8000,6.055583715438843,1526.75,74.54833984375
247,matmult,16,2048,8000,5.515282392501831,1526.75,74.54833984375
248,matmult,16,2048,8000,6.121350288391113,1526.75,74.54833984375
249,matmult,16,2048,8000,5.536318063735962,1526.75,74.54833984375
250,matmult,16,2048,3000,0.7119607925415039,248.078125,12.113189697265625
251,matmult,16,2048,3000,0.48028063774108887,248.23828125,12.121009826660156
252,matmult,16,2048,3000,0.7037734985351562,248.23828125,12.121009826660156
253,matmult,16,2048,3000,0.5448565483093262,248.23828125,12.121009826660156
254,matmult,16,2048,3000,0.5500586032867432,248.23828125,12.121009826660156
255,matmult,16,2048,3000,0.5685858726501465,248.6484375,12.141036987304688
256,matmult,16,2048,3000,0.5881259441375732,248.6484375,12.141036987304688
257,matmult,16,2048,3000,0.6288251876831055,248.6484375,12.141036987304688
258,matmult,16,2048,3000,0.5395851135253906,248.74609375,12.145805358886719
259,matmult,16,2048,3000,0.5903348922729492,248.74609375,12.145805358886719
260,matmult,96,2048,500,0.003551483154296875,35.93359375,1.7545700073242188
261,matmult,96,2048,500,0.004813194274902344,35.93359375,1.7545700073242188
262,matmult,96,2048,500,0.0044095516204833984,35.93359375,1.7545700073242188
263,matmult,96,2048,500,0.004773616790771484,35.93359375,1.7545700073242188
264,matmult,96,2048,500,0.007741451263427734,35.93359375,1.7545700073242188
265,matmult,96,2048,500,0.006170034408569336,35.93359375,1.7545700073242188
266,matmult,96,2048,500,0.005062103271484375,35.93359375,1.7545700073242188
267,matmult,96,2048,500,0.010059833526611328,35.93359375,1.7545700073242188
268,matmult,96,2048,500,0.005285501480102539,35.93359375,1.7545700073242188
269,matmult,96,2048,500,0.005331516265869141,35.93359375,1.7545700073242188
270,matmult,32,2048,8000,3.008237600326538,1525.6875,74.4964599609375
271,matmult,32,2048,8000,2.8398523330688477,1525.6875,74.4964599609375
272,matmult,32,2048,8000,2.7394649982452393,1526.6015625,74.54109191894531
273,matmult,32,2048,8000,2.5595059394836426,1526.99609375,74.56035614013672
274,matmult,32,2048,8000,2.707857370376587,1527.71875,74.59564208984375
275,matmult,32,2048,8000,2.668152332305908,1527.71875,74.59564208984375
276,matmult,32,2048,8000,3.543795347213745,1527.71875,74.59564208984375
277,matmult,32,2048,8000,3.2217419147491455,1527.71875,74.59564208984375
278,matmult,32,2048,8000,2.627218723297119,1527.71875,74.59564208984375
279,matmult,32,2048,8000,2.592268705368042,1527.71875,74.59564208984375
280,matmult,48,2048,5000,0.7213175296783447,621.81640625,30.36212921142578
281,matmult,48,2048,5000,0.6326198577880859,621.81640625,30.36212921142578
282,matmult,48,2048,5000,0.5733509063720703,621.81640625,30.36212921142578
283,matmult,48,2048,5000,0.6627814769744873,621.81640625,30.36212921142578
284,matmult,48,2048,5000,0.7621216773986816,621.81640625,30.36212921142578
285,matmult,48,2048,5000,0.856917142868042,621.81640625,30.36212921142578
286,matmult,48,2048,5000,0.9362139701843262,622.25,30.38330078125
287,matmult,48,2048,5000,0.8543975353240967,622.25,30.38330078125
288,matmult,48,2048,5000,1.0336642265319824,622.25,30.38330078125
289,matmult,48,2048,5000,1.2162375450134277,622.25,30.38330078125
290,matmult,64,2048,1000,0.03498649597167969,55.92578125,2.7307510375976562
291,matmult,64,2048,1000,0.014334440231323242,56.48828125,2.7582168579101562
292,matmult,64,2048,1000,0.01405477523803711,56.48828125,2.7582168579101562
293,matmult,64,2048,1000,0.013928413391113281,56.48828125,2.7582168579101562
294,matmult,64,2048,1000,0.013029098510742188,56.48828125,2.7582168579101562
295,matmult,64,2048,1000,0.023296833038330078,56.48828125,2.7582168579101562
296,matmult,64,2048,1000,0.01353907585144043,56.48828125,2.7582168579101562
297,matmult,64,2048,1000,0.017125368118286133,56.48828125,2.7582168579101562
298,matmult,64,2048,1000,0.013994455337524414,56.48828125,2.7582168579101562
299,matmult,64,2048,1000,0.02444767951965332,56.48828125,2.7582168579101562
300,matmult,48,2048,6000,0.9274775981903076,875.6171875,42.75474548339844
301,matmult,48,2048,6000,0.7965233325958252,876.1875,42.7825927734375
302,matmult,48,2048,6000,0.8360636234283447,876.49609375,42.79766082763672
303,matmult,48,2048,6000,1.1082103252410889,876.49609375,42.79766082763672
304,matmult,48,2048,6000,1.1426727771759033,876.9921875,42.82188415527344
305,matmult,48,2048,6000,1.2123160362243652,876.9921875,42.82188415527344
306,matmult,48,2048,6000,1.2158050537109375,876.9921875,42.82188415527344
307,matmult,48,2048,6000,1.4649684429168701,876.9921875,42.82188415527344
308,matmult,48,2048,6000,1.6101264953613281,876.9921875,42.82188415527344
309,matmult,48,2048,6000,1.817810297012329,876.9921875,42.82188415527344
310,matmult,96,2048,1000,0.010646581649780273,56.109375,2.739715576171875
311,matmult,96,2048,1000,0.022130489349365234,56.109375,2.739715576171875
312,matmult,96,2048,1000,0.011026620864868164,56.109375,2.739715576171875
313,matmult,96,2048,1000,0.015647172927856445,56.109375,2.739715576171875
314,matmult,96,2048,1000,0.024384498596191406,56.109375,2.739715576171875
315,matmult,96,2048,1000,0.013355731964111328,56.109375,2.739715576171875
316,matmult,96,2048,1000,0.015061140060424805,56.109375,2.739715576171875
317,matmult,96,2048,1000,0.013861894607543945,56.109375,2.739715576171875
318,matmult,96,2048,1000,0.012917041778564453,56.109375,2.739715576171875
319,matmult,96,2048,1000,0.029757022857666016,56.109375,2.739715576171875
320,matmult,32,2048,2000,0.07533478736877441,131.6328125,6.4273834228515625
321,matmult,32,2048,2000,0.07211017608642578,133.11328125,6.499671936035156
322,matmult,32,2048,2000,0.05134153366088867,133.32421875,6.509971618652344
323,matmult,32,2048,2000,0.0619661808013916,133.32421875,6.509971618652344
324,matmult,32,2048,2000,0.10349178314208984,133.32421875,6.509971618652344
325,matmult,32,2048,2000,0.04668283462524414,133.32421875,6.509971618652344
326,matmult,32,2048,2000,0.24430179595947266,133.32421875,6.509971618652344
327,matmult,32,2048,2000,0.24436354637145996,133.32421875,6.509971618652344
328,matmult,32,2048,2000,0.3951241970062256,133.32421875,6.509971618652344
329,matmult,32,2048,2000,0.29718923568725586,133.32421875,6.509971618652344
330,matmult,96,2048,4000,0.3674190044403076,411.60546875,20.097923278808594
331,matmult,96,2048,4000,0.38930249214172363,411.94921875,20.114707946777344
332,matmult,96,2048,4000,0.34109020233154297,412.4921875,20.141220092773438
333,matmult,96,2048,4000,0.4007880687713623,412.4921875,20.141220092773438
334,matmult,96,2048,4000,0.3561725616455078,412.4921875,20.141220092773438
335,matmult,96,2048,4000,0.3119535446166992,412.4921875,20.141220092773438
336,matmult,96,2048,4000,0.3505418300628662,412.4921875,20.141220092773438
337,matmult,96,2048,4000,0.3098902702331543,412.4921875,20.141220092773438
338,matmult,96,2048,4000,0.5353002548217773,412.4921875,20.141220092773438
339,matmult,96,2048,4000,0.26360082626342773,412.4921875,20.141220092773438
340,matmult,16,2048,2000,0.19257664680480957,132.8984375,6.4891815185546875
341,matmult,16,2048,2000,0.18111109733581543,132.8984375,6.4891815185546875
342,matmult,16,2048,2000,0.23005318641662598,132.8984375,6.4891815185546875
343,matmult,16,2048,2000,0.24471306800842285,132.8984375,6.4891815185546875
344,matmult,16,2048,2000,0.255265474319458,132.8984375,6.4891815185546875
345,matmult,16,2048,2000,0.2262561321258545,132.8984375,6.4891815185546875
346,matmult,16,2048,2000,0.36628127098083496,132.8984375,6.4891815185546875
347,matmult,16,2048,2000,0.32031846046447754,132.8984375,6.4891815185546875
348,matmult,16,2048,2000,0.27280712127685547,132.8984375,6.4891815185546875
349,matmult,16,2048,2000,0.3320751190185547,132.8984375,6.4891815185546875
350,matmult,48,2048,7000,1.3277323246002197,1177.8359375,57.51152038574219
351,matmult,48,2048,7000,1.401193618774414,1177.8359375,57.51152038574219
352,matmult,48,2048,7000,1.7108161449432373,1177.8359375,57.51152038574219
353,matmult,48,2048,7000,1.9275197982788086,1178.29296875,57.533836364746094
354,matmult,48,2048,7000,1.9136934280395508,1180.33203125,57.633399963378906
355,matmult,48,2048,7000,1.9019861221313477,1180.33203125,57.633399963378906
356,matmult,48,2048,7000,1.6226427555084229,1180.33203125,57.633399963378906
357,matmult,48,2048,7000,1.809725284576416,1180.33203125,57.633399963378906
358,matmult,48,2048,7000,2.4354472160339355,1180.33203125,57.633399963378906
359,matmult,48,2048,7000,5.810847997665405,1180.33203125,57.633399963378906
360,matmult,64,2048,4000,0.418515682220459,411.515625,20.093536376953125
361,matmult,64,2048,4000,0.42350244522094727,411.515625,20.093536376953125
362,matmult,64,2048,4000,0.4441502094268799,411.87890625,20.11127471923828
363,matmult,64,2048,4000,0.39757871627807617,411.87890625,20.11127471923828
364,matmult,64,2048,4000,0.5331020355224609,412.00390625,20.11737823486328
365,matmult,64,2048,4000,0.388477087020874,412.00390625,20.11737823486328
366,matmult,64,2048,4000,0.4540393352508545,412.08984375,20.12157440185547
367,matmult,64,2048,4000,0.5121819972991943,412.08984375,20.12157440185547
368,matmult,64,2048,4000,0.4635450839996338,412.08984375,20.12157440185547
369,matmult,64,2048,4000,0.7211596965789795,413.33203125,20.182228088378906
370,matmult,96,2048,7000,1.2715673446655273,1177.1875,57.4798583984375
371,matmult,96,2048,7000,1.1660289764404297,1178.33203125,57.535743713378906
372,matmult,96,2048,7000,1.3528361320495605,1179.4140625,57.58857727050781
373,matmult,96,2048,7000,1.31919527053833,1179.4140625,57.58857727050781
374,matmult,96,2048,7000,1.3498845100402832,1179.4140625,57.58857727050781
375,matmult,96,2048,7000,1.450993299484253,1179.4140625,57.58857727050781
376,matmult,96,2048,7000,1.6456007957458496,1179.4140625,57.58857727050781
377,matmult,96,2048,7000,2.420473337173462,1179.4140625,57.58857727050781
378,matmult,96,2048,7000,2.087287187576294,1179.4140625,57.58857727050781
379,matmult,96,2048,7000,2.815109968185425,1179.4140625,57.58857727050781
380,matmult,64,2048,3000,0.17209672927856445,247.7421875,12.096786499023438
381,matmult,64,2048,3000,0.19432902336120605,248.7734375,12.147140502929688
382,matmult,64,2048,3000,0.36791110038757324,248.7734375,12.147140502929688
383,matmult,64,2048,3000,0.21979427337646484,248.7734375,12.147140502929688
384,matmult,64,2048,3000,0.24170565605163574,248.7734375,12.147140502929688
385,matmult,64,2048,3000,0.19158673286437988,248.7734375,12.147140502929688
386,matmult,64,2048,3000,0.24260616302490234,248.7734375,12.147140502929688
387,matmult,64,2048,3000,0.16047048568725586,248.7734375,12.147140502929688
388,matmult,64,2048,3000,0.19185352325439453,248.7734375,12.147140502929688
389,matmult,64,2048,3000,0.1842970848083496,248.7734375,12.147140502929688
390,matmult,80,2048,1000,0.013607978820800781,56.84765625,2.7757644653320312
391,matmult,80,2048,1000,0.013441324234008789,56.84765625,2.7757644653320312
392,matmult,80,2048,1000,0.0168001651763916,56.84765625,2.7757644653320312
393,matmult,80,2048,1000,0.013091325759887695,56.84765625,2.7757644653320312
394,matmult,80,2048,1000,0.025142908096313477,56.84765625,2.7757644653320312
395,matmult,80,2048,1000,0.016011476516723633,56.84765625,2.7757644653320312
396,matmult,80,2048,1000,0.013727426528930664,56.84765625,2.7757644653320312
397,matmult,80,2048,1000,0.023309946060180664,56.84765625,2.7757644653320312
398,matmult,80,2048,1000,0.011663198471069336,56.84765625,2.7757644653320312
399,matmult,80,2048,1000,0.02974390983581543,56.84765625,2.7757644653320312
400,matmult,80,2048,8000,1.6005582809448242,1525.90625,74.50714111328125
401,matmult,80,2048,8000,1.761037826538086,1525.90625,74.50714111328125
402,matmult,80,2048,8000,1.830519199371338,1525.90625,74.50714111328125
403,matmult,80,2048,8000,2.017397880554199,1525.90625,74.50714111328125
404,matmult,80,2048,8000,2.5803182125091553,1525.90625,74.50714111328125
405,matmult,80,2048,8000,3.1832761764526367,1525.90625,74.50714111328125
406,matmult,80,2048,8000,3.250575542449951,1525.97265625,74.51038360595703
407,matmult,80,2048,8000,4.733072519302368,1525.97265625,74.51038360595703
408,matmult,80,2048,8000,2.6079277992248535,1525.97265625,74.51038360595703
409,matmult,80,2048,8000,2.6519968509674072,1525.97265625,74.51038360595703
410,matmult,80,2048,3000,0.20273685455322266,247.80078125,12.099647521972656
411,matmult,80,2048,3000,0.23720645904541016,248.63671875,12.140464782714844
412,matmult,80,2048,3000,0.21512341499328613,248.63671875,12.140464782714844
413,matmult,80,2048,3000,0.24703001976013184,248.63671875,12.140464782714844
414,matmult,80,2048,3000,0.19794440269470215,248.63671875,12.140464782714844
415,matmult,80,2048,3000,0.24632740020751953,248.63671875,12.140464782714844
416,matmult,80,2048,3000,0.19165515899658203,248.63671875,12.140464782714844
417,matmult,80,2048,3000,0.25365209579467773,248.63671875,12.140464782714844
418,matmult,80,2048,3000,0.2557196617126465,249.00390625,12.158393859863281
419,matmult,80,2048,3000,0.1954958438873291,249.00390625,12.158393859863281
420,matmult,96,2048,2000,0.10109305381774902,133.0859375,6.4983367919921875
421,matmult,96,2048,2000,0.07357001304626465,133.0859375,6.4983367919921875
422,matmult,96,2048,2000,0.07666349411010742,133.0859375,6.4983367919921875
423,matmult,96,2048,2000,0.09597611427307129,133.0859375,6.4983367919921875
424,matmult,96,2048,2000,0.10224318504333496,133.66015625,6.526374816894531
425,matmult,96,2048,2000,0.13222408294677734,133.66015625,6.526374816894531
426,matmult,96,2048,2000,0.050559282302856445,133.66015625,6.526374816894531
427,matmult,96,2048,2000,0.10403704643249512,133.66015625,6.526374816894531
428,matmult,96,2048,2000,0.1342487335205078,133.66015625,6.526374816894531
429,matmult,96,2048,2000,0.14660882949829102,133.66015625,6.526374816894531
430,matmult,16,2048,500,0.004355430603027344,35.484375,1.732635498046875
431,matmult,16,2048,500,0.004996299743652344,35.484375,1.732635498046875
432,matmult,16,2048,500,0.0035119056701660156,35.484375,1.732635498046875
433,matmult,16,2048,500,0.005955934524536133,35.484375,1.732635498046875
434,matmult,16,2048,500,0.004889488220214844,35.484375,1.732635498046875
435,matmult,16,2048,500,0.0067691802978515625,35.484375,1.732635498046875
436,matmult,16,2048,500,0.004212856292724609,35.484375,1.732635498046875
437,matmult,16,2048,500,0.00442051887512207,35.484375,1.732635498046875
438,matmult,16,2048,500,0.00457763671875,35.484375,1.732635498046875
439,matmult,16,2048,500,0.004351377487182617,35.484375,1.732635498046875
440,matmult,64,2048,5000,0.6944546699523926,619.82421875,30.264854431152344
441,matmult,64,2048,5000,0.73836350440979,620.7109375,30.308151245117188
442,matmult,64,2048,5000,0.7904913425445557,620.7109375,30.308151245117188
443,matmult,64,2048,5000,1.0715785026550293,621.07421875,30.325889587402344
444,matmult,64,2048,5000,1.1877145767211914,621.2734375,30.335617065429688
445,matmult,64,2048,5000,1.5142383575439453,621.2734375,30.335617065429688
446,matmult,64,2048,5000,1.1079750061035156,621.8359375,30.363082885742188
447,matmult,64,2048,5000,1.4255564212799072,623.1640625,30.427932739257812
448,matmult,64,2048,5000,1.5059139728546143,623.1640625,30.427932739257812
449,matmult,64,2048,5000,1.2390046119689941,623.1640625,30.427932739257812
450,matmult,96,2048,8000,1.5616154670715332,1526.265625,74.52468872070312
451,matmult,96,2048,8000,1.690047264099121,1526.265625,74.52468872070312
452,matmult,96,2048,8000,1.7985882759094238,1526.328125,74.52774047851562
453,matmult,96,2048,8000,2.0477521419525146,1526.328125,74.52774047851562
454,matmult,96,2048,8000,2.595202684402466,1526.328125,74.52774047851562
455,matmult,96,2048,8000,2.862154245376587,1526.328125,74.52774047851562
456,matmult,96,2048,8000,2.902714252471924,1526.76171875,74.54891204833984
457,matmult,96,2048,8000,3.771639823913574,1526.87109375,74.55425262451172
458,matmult,96,2048,8000,3.3096938133239746,1526.87109375,74.55425262451172
459,matmult,96,2048,8000,2.624532699584961,1526.87109375,74.55425262451172
460,matmult,16,2048,7000,4.399737596511841,1178.57421875,57.547569274902344
461,matmult,16,2048,7000,4.200023412704468,1178.86328125,57.561683654785156
462,matmult,16,2048,7000,4.096116542816162,1178.86328125,57.561683654785156
463,matmult,16,2048,7000,4.330037832260132,1178.86328125,57.561683654785156
464,matmult,16,2048,7000,4.01569938659668,1178.86328125,57.561683654785156
465,matmult,16,2048,7000,4.40700626373291,1178.86328125,57.561683654785156
466,matmult,16,2048,7000,4.137258052825928,1178.86328125,57.561683654785156
467,matmult,16,2048,7000,3.9941422939300537,1178.86328125,57.561683654785156
468,matmult,16,2048,7000,4.216400861740112,1178.86328125,57.561683654785156
469,matmult,16,2048,7000,4.335684061050415,1178.9609375,57.56645202636719
470,matmult,64,2048,2000,0.05577683448791504,132.24609375,6.457328796386719
471,matmult,64,2048,2000,0.07997417449951172,132.24609375,6.457328796386719
472,matmult,64,2048,2000,0.08972382545471191,132.24609375,6.457328796386719
473,matmult,64,2048,2000,0.11536145210266113,132.5078125,6.4701080322265625
474,matmult,64,2048,2000,0.11465716361999512,132.5078125,6.4701080322265625
475,matmult,64,2048,2000,0.1895160675048828,132.5078125,6.4701080322265625
476,matmult,64,2048,2000,0.181380033493042,132.5078125,6.4701080322265625
477,matmult,64,2048,2000,0.18330740928649902,132.5078125,6.4701080322265625
478,matmult,64,2048,2000,0.22114014625549316,132.5078125,6.4701080322265625
479,matmult,64,2048,2000,0.3235204219818115,132.609375,6.475067138671875
480,matmult,48,2048,500,0.004061698913574219,34.73046875,1.6958236694335938
481,matmult,48,2048,500,0.0035822391510009766,34.73046875,1.6958236694335938
482,matmult,48,2048,500,0.003476381301879883,34.73046875,1.6958236694335938
483,matmult,48,2048,500,0.0040395259857177734,34.73046875,1.6958236694335938
484,matmult,48,2048,500,0.005986452102661133,34.73046875,1.6958236694335938
485,matmult,48,2048,500,0.0035238265991210938,34.73046875,1.6958236694335938
486,matmult,48,2048,500,0.009831666946411133,34.73046875,1.6958236694335938
487,matmult,48,2048,500,0.006012678146362305,34.73046875,1.6958236694335938
488,matmult,48,2048,500,0.0039017200469970703,34.875,1.702880859375
489,matmult,48,2048,500,0.003844738006591797,34.875,1.702880859375
490,matmult,48,2048,2000,0.11425566673278809,131.2734375,6.4098358154296875
491,matmult,48,2048,2000,0.054453372955322266,131.71875,6.43157958984375
492,matmult,48,2048,2000,0.10408258438110352,132.046875,6.447601318359375
493,matmult,48,2048,2000,0.11013340950012207,132.046875,6.447601318359375
494,matmult,48,2048,2000,0.11196184158325195,132.16796875,6.453514099121094
495,matmult,48,2048,2000,0.22178959846496582,132.16796875,6.453514099121094
496,matmult,48,2048,2000,0.06601190567016602,132.16796875,6.453514099121094
497,matmult,48,2048,2000,0.138763427734375,132.16796875,6.453514099121094
498,matmult,48,2048,2000,0.17647099494934082,132.16796875,6.453514099121094
499,matmult,48,2048,2000,0.12447714805603027,132.16796875,6.453514099121094
500,matmult,96,2048,6000,0.900263786315918,874.43359375,42.69695281982422
501,matmult,96,2048,6000,1.0564703941345215,877.4765625,42.84553527832031
502,matmult,96,2048,6000,1.1609370708465576,877.4765625,42.84553527832031
503,matmult,96,2048,6000,1.1830394268035889,877.4765625,42.84553527832031
504,matmult,96,2048,6000,1.1371188163757324,877.4765625,42.84553527832031
505,matmult,96,2048,6000,1.2658250331878662,877.4765625,42.84553527832031
506,matmult,96,2048,6000,1.411620855331421,877.55078125,42.849159240722656
507,matmult,96,2048,6000,1.6074419021606445,877.55078125,42.849159240722656
508,matmult,96,2048,6000,1.8535115718841553,877.55078125,42.849159240722656
509,matmult,96,2048,6000,2.837891101837158,877.55078125,42.849159240722656
510,matmult,16,2048,1000,0.01508188247680664,57.94921875,2.8295516967773438
511,matmult,16,2048,1000,0.01251840591430664,57.94921875,2.8295516967773438
512,matmult,16,2048,1000,0.010817289352416992,57.94921875,2.8295516967773438
513,matmult,16,2048,1000,0.01633596420288086,57.94921875,2.8295516967773438
514,matmult,16,2048,1000,0.011157989501953125,57.94921875,2.8295516967773438
515,matmult,16,2048,1000,0.02216172218322754,57.94921875,2.8295516967773438
516,matmult,16,2048,1000,0.015650510787963867,57.94921875,2.8295516967773438
517,matmult,16,2048,1000,0.018982410430908203,57.94921875,2.8295516967773438
518,matmult,16,2048,1000,0.012702703475952148,57.94921875,2.8295516967773438
519,matmult,16,2048,1000,0.021634817123413086,57.94921875,2.8295516967773438
520,matmult,80,2048,5000,0.6639058589935303,621.3828125,30.340957641601562
521,matmult,80,2048,5000,0.6828784942626953,621.3828125,30.340957641601562
522,matmult,80,2048,5000,0.7626874446868896,621.6171875,30.352401733398438
523,matmult,80,2048,5000,0.6948938369750977,621.6171875,30.352401733398438
524,matmult,80,2048,5000,0.8092973232269287,621.6171875,30.352401733398438
525,matmult,80,2048,5000,0.890160083770752,621.6171875,30.352401733398438
526,matmult,80,2048,5000,0.8432652950286865,621.6171875,30.352401733398438
527,matmult,80,2048,5000,0.942596435546875,621.93359375,30.36785125732422
528,matmult,80,2048,5000,1.011305809020996,621.93359375,30.36785125732422
529,matmult,80,2048,5000,1.18497896194458,621.93359375,30.36785125732422
530,matmult,32,2048,7000,1.9894793033599854,1178.796875,57.558441162109375
531,matmult,32,2048,7000,1.7064030170440674,1178.796875,57.558441162109375
532,matmult,32,2048,7000,2.0636134147644043,1178.796875,57.558441162109375
533,matmult,32,2048,7000,2.1321935653686523,1178.796875,57.558441162109375
534,matmult,32,2048,7000,1.940875768661499,1178.796875,57.558441162109375
535,matmult,32,2048,7000,1.888904094696045,1178.796875,57.558441162109375
536,matmult,32,2048,7000,2.2813119888305664,1178.796875,57.558441162109375
537,matmult,32,2048,7000,2.628767490386963,1178.796875,57.558441162109375
538,matmult,32,2048,7000,4.103896379470825,1178.796875,57.558441162109375
539,matmult,32,2048,7000,2.6282877922058105,1178.796875,57.558441162109375
